"N","T","CS_theta_pos_bias","CS_theta_pos_rmse","CS_theta_pos_pctbias","CS_theta_pos_mcse","CS_theta_neg_bias","CS_theta_neg_rmse","CS_theta_neg_pctbias","CS_theta_neg_mcse","CS_phi_bias","CS_phi_rmse","CS_phi_pctbias","CS_phi_mcse","CS_n_valid","RMA_theta_pos_bias","RMA_theta_pos_rmse","RMA_theta_pos_pctbias","RMA_theta_pos_mcse","RMA_theta_neg_bias","RMA_theta_neg_rmse","RMA_theta_neg_pctbias","RMA_theta_neg_mcse","RMA_phi_bias","RMA_phi_rmse","RMA_phi_pctbias","RMA_phi_mcse","RMA_n_valid","HPJ_theta_pos_bias","HPJ_theta_pos_rmse","HPJ_theta_pos_pctbias","HPJ_theta_pos_mcse","HPJ_theta_neg_bias","HPJ_theta_neg_rmse","HPJ_theta_neg_pctbias","HPJ_theta_neg_mcse","HPJ_phi_bias","HPJ_phi_rmse","HPJ_phi_pctbias","HPJ_phi_mcse","HPJ_n_valid","TPJ_theta_pos_bias","TPJ_theta_pos_rmse","TPJ_theta_pos_pctbias","TPJ_theta_pos_mcse","TPJ_theta_neg_bias","TPJ_theta_neg_rmse","TPJ_theta_neg_pctbias","TPJ_theta_neg_mcse","TPJ_phi_bias","TPJ_phi_rmse","TPJ_phi_pctbias","TPJ_phi_mcse","TPJ_n_valid","BBC_theta_pos_bias","BBC_theta_pos_rmse","BBC_theta_pos_pctbias","BBC_theta_pos_mcse","BBC_theta_neg_bias","BBC_theta_neg_rmse","BBC_theta_neg_pctbias","BBC_theta_neg_mcse","BBC_phi_bias","BBC_phi_rmse","BBC_phi_pctbias","BBC_phi_mcse","BBC_n_valid","CSB_theta_pos_bias","CSB_theta_pos_rmse","CSB_theta_pos_pctbias","CSB_theta_pos_mcse","CSB_theta_neg_bias","CSB_theta_neg_rmse","CSB_theta_neg_pctbias","CSB_theta_neg_mcse","CSB_phi_bias","CSB_phi_rmse","CSB_phi_pctbias","CSB_phi_mcse","CSB_n_valid"
40,40,-0.1426,0.2269,-28.53,0.789,0.0975,0.3992,37.48,3.33,-0.2855,0.2885,-71.38,0.232,2000,-0.1367,0.3166,-27.35,1.277,0.1006,0.2156,38.71,1.64,-0.2989,0.3017,-74.73,0.23,2000,0.1002,17.9501,20.03,80.294,0.4122,11.1657,158.53,95.987,0.0268,0.089,6.7,0.475,2000,-0.1642,1.4432,-32.85,6.414,-0.0171,7.4528,-6.58,64.112,-0.19,0.199,-47.49,0.331,2000,-0.1643,1.5893,-32.86,10.003,0.0961,0.6609,36.97,7.957,-0.1046,0.1139,-26.14,0.358,1000,-0.1464,0.3479,-29.28,1.997,0.1067,0.4322,41.03,5.096,-0.2882,0.2921,-72.05,0.375,1000
50,40,-0.139,0.1804,-27.81,0.514,0.0919,0.3914,35.35,3.273,-0.286,0.2884,-71.51,0.205,2000,-0.1404,0.2281,-28.08,0.804,0.0958,0.2086,36.83,1.594,-0.298,0.3005,-74.51,0.217,2000,0.8566,39.6808,171.33,177.461,0.3667,15.6987,141.05,135.01,0.0286,0.0835,7.15,0.438,2000,-0.1041,1.0763,-20.82,4.792,0.0915,2.7495,35.19,23.639,-0.1883,0.1949,-47.08,0.281,2000,-0.1556,0.3599,-31.11,2.054,0.1014,0.4672,39,5.55,-0.104,0.1122,-26.01,0.332,1000,-0.117,0.4883,-23.4,3,0.106,0.2186,40.78,2.326,-0.2864,0.2898,-71.6,0.351,1000
100,40,-0.1953,2.0923,-39.07,9.318,0.0763,0.7393,29.33,6.326,-0.2868,0.2883,-71.7,0.164,2000,-0.135,0.3023,-26.99,1.21,0.0982,0.2984,37.78,2.424,-0.3015,0.3031,-75.36,0.178,2000,0.5984,17.6983,119.68,79.124,0.2652,15.3413,102,131.953,0.0269,0.0687,6.72,0.353,2000,-0.1357,1.1767,-27.15,5.228,0.0861,1.0816,33.12,9.275,-0.1905,0.1951,-47.62,0.235,2000,-0.1285,0.7291,-25.7,4.541,0.1257,1.2714,48.35,15.396,-0.1046,0.1098,-26.15,0.264,1000,-0.3642,6.71,-72.85,42.396,0.0302,2.0764,11.6,25.264,-0.2894,0.2914,-72.34,0.271,1000
150,40,-0.1214,0.7074,-24.29,3.118,0.111,0.552,42.7,4.652,-0.2899,0.2911,-72.47,0.149,2000,-0.1454,0.2985,-29.08,1.166,0.0985,0.257,37.87,2.042,-0.3019,0.3031,-75.46,0.152,2000,0.4944,74.6142,98.87,333.761,-1.7206,82.1407,-661.77,706.453,0.0251,0.0624,6.27,0.319,2000,-0.1583,0.9455,-31.65,4.17,0.0812,0.8731,31.24,7.478,-0.1913,0.1953,-47.83,0.221,2000,-0.0964,2.8623,-19.28,18.101,0.1704,1.9354,65.53,23.46,-0.1064,0.11,-26.59,0.221,1000,-0.0981,0.4897,-19.62,3.036,0.1803,1.63,69.36,19.713,-0.2888,0.2903,-72.19,0.233,1000
200,40,-0.1422,0.2423,-28.44,0.877,0.0928,0.1581,35.67,1.101,-0.289,0.29,-72.24,0.139,2000,-0.1411,0.3977,-28.23,1.663,0.0949,0.4166,36.5,3.49,-0.3026,0.3037,-75.66,0.144,2000,-0.0479,9.8882,-9.57,44.232,0.0358,9.1799,13.78,78.969,0.0257,0.0606,6.42,0.307,2000,-0.129,1.1493,-25.8,5.109,0.0968,1.0514,37.25,9.006,-0.1932,0.1966,-48.3,0.204,2000,-0.0486,1.7356,-9.72,10.978,0.1863,2.1698,71.65,26.307,-0.106,0.1091,-26.49,0.206,1000,-0.1373,0.1905,-27.46,0.836,0.0978,0.2225,37.6,2.432,-0.2897,0.2911,-72.42,0.227,1000
40,50,-0.1138,0.5296,-22.75,2.314,0.1125,0.1658,43.26,1.048,-0.2163,0.219,-54.08,0.191,2000,-0.1387,0.1772,-27.75,0.493,0.1007,0.2052,38.73,1.538,-0.2256,0.2282,-56.4,0.192,2000,0.3055,12.3241,61.09,55.112,0.2966,6.4439,114.09,55.374,0.0257,0.065,6.42,0.334,2000,-0.101,1.0289,-20.2,4.581,0.1409,1.1642,54.21,9.942,-0.1453,0.1519,-36.31,0.248,2000,-0.1277,0.1645,-25.55,0.656,0.1077,0.1588,41.41,1.42,-0.0572,0.0688,-14.31,0.301,1000,-0.1317,0.2251,-26.34,1.155,0.1052,0.2087,40.47,2.194,-0.2175,0.2207,-54.37,0.297,1000
50,50,-0.1323,0.1751,-26.46,0.513,0.1071,0.1644,41.18,1.073,-0.2169,0.2191,-54.22,0.174,2000,-0.134,0.1647,-26.79,0.429,0.1071,0.1318,41.2,0.66,-0.2242,0.2264,-56.05,0.177,2000,-0.1233,0.8904,-24.65,3.945,0.1218,0.8201,46.84,6.976,0.026,0.0595,6.5,0.299,2000,-0.111,0.8895,-22.2,3.948,0.1171,0.3506,45.03,2.843,-0.1456,0.1509,-36.4,0.221,2000,-0.1244,0.1491,-24.89,0.519,0.1136,0.1457,43.71,1.11,-0.0574,0.067,-14.36,0.273,1000,-0.1354,0.1571,-27.08,0.505,0.1025,0.1408,39.42,1.175,-0.2175,0.2202,-54.37,0.275,1000
100,50,-0.131,0.155,-26.2,0.37,0.1064,0.1494,40.94,0.902,-0.2167,0.218,-54.19,0.131,2000,-0.1375,0.1462,-27.5,0.222,0.1026,0.1187,39.45,0.514,-0.2269,0.2281,-56.73,0.13,2000,-0.0047,17.1929,-0.93,76.908,0.1315,16.2055,50.58,139.402,0.0269,0.0525,6.72,0.252,2000,-0.111,0.8009,-22.2,3.548,0.1333,1.1956,51.29,10.221,-0.1475,0.1509,-36.87,0.177,2000,-0.3358,6.3579,-67.16,40.175,-0.0631,5.1813,-24.25,63.045,-0.0586,0.0637,-14.66,0.197,1000,0.311,14.0857,62.21,89.109,0.4089,9.897,157.27,120.33,-0.2184,0.2199,-54.61,0.2,1000
150,50,-0.1274,0.1494,-25.48,0.349,0.1064,0.1343,40.91,0.705,-0.2169,0.2178,-54.23,0.113,2000,-0.1343,0.1401,-26.87,0.178,0.1065,0.1174,40.97,0.423,-0.2267,0.2276,-56.66,0.118,2000,-0.1698,1.5553,-33.97,6.916,0.019,1.7724,7.3,15.246,0.0264,0.0482,6.6,0.225,2000,-0.1348,0.3929,-26.97,1.651,0.0901,0.3686,34.67,3.075,-0.1474,0.1497,-36.86,0.146,2000,-0.1293,0.3219,-25.85,1.865,0.1038,0.3284,39.93,3.791,-0.0576,0.0618,-14.4,0.176,1000,-0.1343,0.2384,-26.86,1.246,0.0919,0.255,35.33,2.895,-0.2182,0.2193,-54.56,0.167,1000
200,50,-0.1442,1.07,-28.83,4.743,0.0829,1.3334,31.9,11.448,-0.2176,0.2184,-54.4,0.104,2000,-0.1312,0.1672,-26.23,0.464,0.1074,0.1561,41.29,0.975,-0.2268,0.2276,-56.71,0.107,2000,-0.3815,11.5938,-76.3,51.834,0.1764,3.1423,67.84,26.989,0.0263,0.0448,6.57,0.203,2000,-0.1387,0.5234,-27.73,2.258,-0.0238,5.2224,-9.15,44.925,-0.1483,0.1505,-37.09,0.142,2000,-0.1213,0.1466,-24.27,0.52,0.1008,0.1294,38.78,0.987,-0.0577,0.0608,-14.42,0.153,1000,-0.1338,0.3863,-26.75,2.293,0.094,0.4049,36.16,4.793,-0.2182,0.2191,-54.54,0.163,1000
40,100,-0.1206,0.1244,-24.12,0.136,0.1128,0.1168,43.39,0.259,-0.0957,0.099,-23.93,0.141,2000,-0.1246,0.1284,-24.92,0.139,0.1151,0.1192,44.26,0.268,-0.0993,0.1026,-24.82,0.146,2000,-0.1104,0.1263,-22.08,0.275,0.1156,0.1384,44.45,0.655,0.0267,0.0422,6.67,0.183,2000,-0.1179,0.1243,-23.58,0.176,0.1136,0.12,43.68,0.334,-0.0675,0.0734,-16.87,0.162,2000,-0.116,0.1206,-23.2,0.21,0.114,0.1185,43.85,0.392,-0.0056,0.0276,-1.41,0.214,1000,-0.1187,0.1238,-23.73,0.224,0.1107,0.1163,42.57,0.436,-0.0981,0.1015,-24.53,0.206,1000
50,100,-0.1197,0.1229,-23.94,0.125,0.1123,0.1155,43.19,0.234,-0.0956,0.0984,-23.91,0.129,2000,-0.1255,0.1287,-25.09,0.128,0.1141,0.1176,43.88,0.244,-0.0986,0.1013,-24.65,0.13,2000,-0.1098,0.1285,-21.97,0.298,0.1148,0.1327,44.15,0.573,0.025,0.0391,6.25,0.168,2000,-0.1177,0.1269,-23.54,0.213,0.1112,0.1168,42.77,0.307,-0.0671,0.0719,-16.76,0.144,2000,-0.1152,0.1189,-23.05,0.186,0.1117,0.1153,42.95,0.349,-0.0043,0.0256,-1.07,0.199,1000,-0.1179,0.1215,-23.57,0.188,0.1088,0.1128,41.85,0.362,-0.0965,0.0994,-24.13,0.189,1000
100,100,-0.1161,0.1179,-23.23,0.091,0.1075,0.1095,41.34,0.179,-0.0959,0.0974,-23.98,0.093,2000,-0.1234,0.1251,-24.68,0.093,0.1141,0.1159,43.9,0.176,-0.0993,0.1007,-24.83,0.093,2000,-0.1031,0.1314,-20.63,0.364,0.1094,0.1164,42.07,0.342,0.024,0.0327,5.99,0.125,2000,-0.1117,0.1153,-22.33,0.129,0.1065,0.1122,40.95,0.305,-0.0673,0.07,-16.83,0.108,2000,-0.11,0.1122,-21.99,0.143,0.106,0.1082,40.75,0.268,-0.0057,0.0185,-1.43,0.139,1000,-0.1132,0.1153,-22.64,0.138,0.1033,0.1055,39.73,0.259,-0.0979,0.0994,-24.47,0.138,1000
150,100,-0.1134,0.1148,-22.68,0.079,0.1033,0.1048,39.74,0.15,-0.0974,0.0983,-24.35,0.076,2000,-0.1226,0.1238,-24.53,0.076,0.113,0.1143,43.47,0.145,-0.0997,0.1006,-24.91,0.077,2000,-0.0974,0.1241,-19.48,0.344,0.1049,0.1298,40.36,0.657,0.0242,0.0304,6.06,0.102,2000,-0.107,0.1108,-21.41,0.128,0.0999,0.1032,38.44,0.222,-0.0675,0.0694,-16.88,0.091,2000,-0.1038,0.1057,-20.77,0.123,0.1019,0.1037,39.19,0.235,-0.0067,0.0159,-1.68,0.114,1000,-0.1079,0.1096,-21.58,0.123,0.0965,0.0984,37.1,0.239,-0.098,0.099,-24.5,0.108,1000
200,100,-0.1104,0.1114,-22.07,0.069,0.1,0.1012,38.46,0.131,-0.0973,0.098,-24.32,0.065,2000,-0.1225,0.1234,-24.5,0.067,0.1112,0.1122,42.78,0.129,-0.1,0.1007,-24.99,0.068,2000,-0.0931,0.1717,-18.61,0.646,0.095,0.1879,36.55,1.394,0.023,0.0283,5.75,0.092,2000,-0.1027,0.1068,-20.55,0.13,0.0943,0.0969,36.26,0.191,-0.0677,0.0692,-16.92,0.08,2000,-0.0995,0.101,-19.9,0.109,0.0962,0.0977,37,0.21,-0.0064,0.0138,-1.6,0.097,1000,-0.1041,0.1056,-20.82,0.113,0.0931,0.0949,35.82,0.221,-0.0985,0.0993,-24.63,0.098,1000
40,150,-0.1143,0.1165,-22.87,0.101,0.1108,0.1129,42.6,0.189,-0.0564,0.0612,-14.1,0.133,2000,-0.1202,0.122,-24.05,0.093,0.1168,0.1187,44.93,0.178,-0.0585,0.0632,-14.61,0.134,2000,-0.104,0.1102,-20.81,0.163,0.1106,0.1159,42.52,0.301,0.0234,0.0364,5.86,0.155,2000,-0.1102,0.1137,-22.04,0.126,0.1083,0.1117,41.65,0.236,-0.0467,0.0537,-11.66,0.149,2000,-0.1093,0.1118,-21.85,0.149,0.1099,0.1122,42.26,0.276,0.0036,0.0252,0.91,0.197,1000,-0.1127,0.1152,-22.54,0.151,0.1066,0.1092,41,0.288,-0.0576,0.0623,-14.41,0.187,1000
50,150,-0.1128,0.1146,-22.56,0.089,0.1092,0.1109,42,0.167,-0.0568,0.0607,-14.2,0.119,2000,-0.1202,0.1217,-24.04,0.085,0.1163,0.1178,44.73,0.162,-0.0602,0.0641,-15.05,0.123,2000,-0.101,0.1062,-20.21,0.147,0.1091,0.1138,41.96,0.279,0.0222,0.0334,5.56,0.139,2000,-0.1087,0.1117,-21.75,0.114,0.1057,0.1088,40.67,0.22,-0.0463,0.0519,-11.58,0.13,2000,-0.1078,0.1098,-21.56,0.133,0.1069,0.1088,41.1,0.25,0.0036,0.0231,0.91,0.181,1000,-0.1101,0.1122,-22.01,0.14,0.1046,0.1067,40.22,0.258,-0.0591,0.0628,-14.76,0.169,1000
100,150,-0.1062,0.1073,-21.24,0.067,0.1025,0.1035,39.42,0.125,-0.0591,0.061,-14.77,0.084,2000,-0.1191,0.1199,-23.82,0.061,0.1142,0.115,43.92,0.117,-0.0602,0.0621,-15.05,0.085,2000,-0.0904,0.0936,-18.07,0.109,0.098,0.101,37.7,0.211,0.0207,0.0272,5.17,0.099,2000,-0.0994,0.1015,-19.87,0.092,0.0958,0.0978,36.86,0.168,-0.0466,0.0496,-11.66,0.094,2000,-0.0987,0.1001,-19.74,0.104,0.098,0.0993,37.68,0.196,0.003,0.0168,0.74,0.131,1000,-0.1012,0.1027,-20.23,0.111,0.0943,0.0959,36.28,0.21,-0.0599,0.0619,-14.97,0.125,1000
150,150,-0.1009,0.1018,-20.18,0.059,0.0966,0.0975,37.16,0.111,-0.0594,0.0607,-14.86,0.07,2000,-0.1178,0.1185,-23.57,0.053,0.1121,0.1127,43.11,0.102,-0.0601,0.0614,-15.03,0.07,2000,-0.0829,0.0858,-16.58,0.098,0.0886,0.0913,34.08,0.191,0.0202,0.0249,5.04,0.082,2000,-0.0914,0.0933,-18.28,0.084,0.0867,0.0892,33.34,0.18,-0.0475,0.0497,-11.89,0.081,2000,-0.0919,0.0929,-18.37,0.087,0.0902,0.0913,34.71,0.167,0.0022,0.0132,0.55,0.103,1000,-0.0922,0.0936,-18.45,0.1,0.088,0.0894,33.85,0.188,-0.0614,0.0627,-15.35,0.101,1000
200,150,-0.0961,0.0969,-19.23,0.055,0.0919,0.0927,35.34,0.104,-0.0599,0.0609,-14.99,0.06,2000,-0.1159,0.1164,-23.18,0.047,0.1114,0.1119,42.84,0.089,-0.0606,0.0616,-15.16,0.06,2000,-0.0755,0.0782,-15.09,0.092,0.082,0.0844,31.55,0.17,0.0186,0.0225,4.66,0.07,2000,-0.0843,0.0861,-16.86,0.079,0.0792,0.0826,30.46,0.202,-0.0478,0.0495,-11.95,0.071,2000,-0.0854,0.0864,-17.09,0.083,0.0845,0.0854,32.49,0.153,0.0017,0.0118,0.42,0.092,1000,-0.0858,0.0872,-17.17,0.097,0.0812,0.0824,31.24,0.17,-0.0618,0.0627,-15.44,0.086,1000
40,200,-0.1109,0.1122,-22.17,0.078,0.1095,0.1107,42.1,0.145,-0.0379,0.0445,-9.46,0.131,2000,-0.1199,0.1211,-23.99,0.075,0.1161,0.1173,44.65,0.144,-0.0385,0.045,-9.63,0.13,2000,-0.1022,0.1056,-20.44,0.118,0.1043,0.1074,40.13,0.219,0.0201,0.0327,5.03,0.144,2000,-0.1075,0.1098,-21.5,0.1,0.1051,0.1073,40.42,0.185,-0.0323,0.041,-8.07,0.142,2000,-0.1063,0.1079,-21.26,0.116,0.106,0.1074,40.78,0.21,0.0087,0.026,2.16,0.194,1000,-0.1071,0.1088,-21.42,0.121,0.105,0.1067,40.39,0.228,-0.0398,0.0466,-9.95,0.191,1000
50,200,-0.1095,0.1106,-21.89,0.069,0.1068,0.1078,41.06,0.128,-0.038,0.0434,-9.5,0.117,2000,-0.1194,0.1204,-23.87,0.07,0.1158,0.1168,44.52,0.133,-0.0393,0.0444,-9.82,0.116,2000,-0.0985,0.1014,-19.7,0.108,0.1025,0.1052,39.42,0.205,0.0199,0.0304,4.97,0.128,2000,-0.1052,0.1077,-21.05,0.103,0.1018,0.1042,39.15,0.192,-0.0328,0.0401,-8.2,0.129,2000,-0.1037,0.1051,-20.74,0.107,0.1037,0.105,39.87,0.2,0.0082,0.023,2.05,0.17,1000,-0.1042,0.1057,-20.84,0.11,0.1029,0.1043,39.57,0.207,-0.04,0.0451,-10,0.164,1000
100,200,-0.1013,0.102,-20.25,0.055,0.0989,0.0995,38.02,0.101,-0.0394,0.0419,-9.84,0.081,2000,-0.1166,0.1172,-23.32,0.051,0.114,0.1145,43.84,0.096,-0.0393,0.0418,-9.83,0.08,2000,-0.0855,0.0877,-17.1,0.087,0.0898,0.0918,34.56,0.163,0.0173,0.0235,4.33,0.089,2000,-0.0598,1.4548,-11.95,6.502,0.0979,0.3436,37.64,2.834,-0.0338,0.0376,-8.46,0.092,2000,-0.0926,0.0937,-18.52,0.088,0.0922,0.093,35.46,0.151,0.0064,0.017,1.6,0.125,1000,-0.0931,0.0942,-18.61,0.092,0.0909,0.0919,34.97,0.161,-0.0412,0.0436,-10.3,0.112,1000
150,200,-0.0945,0.0951,-18.89,0.05,0.0916,0.0923,35.25,0.091,-0.0408,0.0425,-10.19,0.068,2000,-0.1145,0.1149,-22.9,0.043,0.1123,0.1127,43.19,0.082,-0.0395,0.0412,-9.86,0.066,2000,-0.076,0.078,-15.21,0.078,0.081,0.0828,31.16,0.146,0.0165,0.021,4.11,0.073,2000,-0.0874,0.2466,-17.49,1.032,0.0808,0.0855,31.08,0.241,-0.0337,0.0366,-8.44,0.08,2000,-0.0848,0.0856,-16.96,0.074,0.0843,0.085,32.41,0.134,0.0057,0.0136,1.42,0.098,1000,-0.0831,0.0842,-16.63,0.083,0.081,0.082,31.14,0.159,-0.0425,0.0443,-10.62,0.1,1000
200,200,-0.0885,0.0891,-17.71,0.046,0.0864,0.087,33.24,0.088,-0.0411,0.0424,-10.28,0.058,2000,-0.1129,0.1133,-22.59,0.038,0.1101,0.1105,42.37,0.074,-0.0401,0.0414,-10.02,0.057,2000,-0.0676,0.0695,-13.52,0.072,0.0724,0.074,27.84,0.132,0.0152,0.0193,3.8,0.067,2000,-0.0738,0.0759,-14.76,0.08,0.0709,0.0727,27.25,0.142,-0.0354,0.0377,-8.84,0.072,2000,-0.0788,0.0795,-15.75,0.067,0.0781,0.0787,30.02,0.125,0.0055,0.012,1.36,0.084,1000,-0.0764,0.0774,-15.27,0.079,0.0738,0.0748,28.38,0.149,-0.0434,0.0447,-10.85,0.084,1000
