"N","T","CS_theta_pos_bias","CS_theta_pos_rmse","CS_theta_pos_pctbias","CS_theta_pos_mcse","CS_theta_neg_bias","CS_theta_neg_rmse","CS_theta_neg_pctbias","CS_theta_neg_mcse","CS_a1_bias","CS_a1_rmse","CS_a1_pctbias","CS_a1_mcse","CS_a2_bias","CS_a2_rmse","CS_a2_pctbias","CS_a2_mcse","CS_phi_bias","CS_phi_rmse","CS_phi_pctbias","CS_phi_mcse","CS_n_valid","RMA_theta_pos_bias","RMA_theta_pos_rmse","RMA_theta_pos_pctbias","RMA_theta_pos_mcse","RMA_theta_neg_bias","RMA_theta_neg_rmse","RMA_theta_neg_pctbias","RMA_theta_neg_mcse","RMA_a1_bias","RMA_a1_rmse","RMA_a1_pctbias","RMA_a1_mcse","RMA_a2_bias","RMA_a2_rmse","RMA_a2_pctbias","RMA_a2_mcse","RMA_phi_bias","RMA_phi_rmse","RMA_phi_pctbias","RMA_phi_mcse","RMA_n_valid","HPJ_theta_pos_bias","HPJ_theta_pos_rmse","HPJ_theta_pos_pctbias","HPJ_theta_pos_mcse","HPJ_theta_neg_bias","HPJ_theta_neg_rmse","HPJ_theta_neg_pctbias","HPJ_theta_neg_mcse","HPJ_a1_bias","HPJ_a1_rmse","HPJ_a1_pctbias","HPJ_a1_mcse","HPJ_a2_bias","HPJ_a2_rmse","HPJ_a2_pctbias","HPJ_a2_mcse","HPJ_phi_bias","HPJ_phi_rmse","HPJ_phi_pctbias","HPJ_phi_mcse","HPJ_n_valid","TPJ_theta_pos_bias","TPJ_theta_pos_rmse","TPJ_theta_pos_pctbias","TPJ_theta_pos_mcse","TPJ_theta_neg_bias","TPJ_theta_neg_rmse","TPJ_theta_neg_pctbias","TPJ_theta_neg_mcse","TPJ_a1_bias","TPJ_a1_rmse","TPJ_a1_pctbias","TPJ_a1_mcse","TPJ_a2_bias","TPJ_a2_rmse","TPJ_a2_pctbias","TPJ_a2_mcse","TPJ_phi_bias","TPJ_phi_rmse","TPJ_phi_pctbias","TPJ_phi_mcse","TPJ_n_valid","BBC_theta_pos_bias","BBC_theta_pos_rmse","BBC_theta_pos_pctbias","BBC_theta_pos_mcse","BBC_theta_neg_bias","BBC_theta_neg_rmse","BBC_theta_neg_pctbias","BBC_theta_neg_mcse","BBC_a1_bias","BBC_a1_rmse","BBC_a1_pctbias","BBC_a1_mcse","BBC_a2_bias","BBC_a2_rmse","BBC_a2_pctbias","BBC_a2_mcse","BBC_phi_bias","BBC_phi_rmse","BBC_phi_pctbias","BBC_phi_mcse","BBC_n_valid","CSB_theta_pos_bias","CSB_theta_pos_rmse","CSB_theta_pos_pctbias","CSB_theta_pos_mcse","CSB_theta_neg_bias","CSB_theta_neg_rmse","CSB_theta_neg_pctbias","CSB_theta_neg_mcse","CSB_a1_bias","CSB_a1_rmse","CSB_a1_pctbias","CSB_a1_mcse","CSB_a2_bias","CSB_a2_rmse","CSB_a2_pctbias","CSB_a2_mcse","CSB_phi_bias","CSB_phi_rmse","CSB_phi_pctbias","CSB_phi_mcse","CSB_n_valid"
40,40,-0.179,0.7926,-35.8,3.454,0.0682,0.4878,26.24,4.155,-0.4022,0.4433,-100.54,1.043,-0.2489,0.2956,-95.71,1.372,-0.4196,0.4218,-104.89,0.245,2000,-0.1637,0.3435,-32.74,1.351,0.0743,0.2479,28.57,2.035,-0.3985,0.4411,-99.63,1.058,-0.2601,0.297,-100.05,1.234,-0.4379,0.4401,-109.47,0.25,2000,0.0514,8.7627,10.27,39.197,0.1321,5.7136,50.8,49.138,-0.407,0.7425,-101.75,3.472,-0.2619,0.6083,-100.74,4.723,0.0086,0.1049,2.16,0.585,2000,-0.1742,1.5061,-34.84,6.692,0.0817,0.6114,31.41,5.213,-0.3946,0.5204,-98.65,1.897,-0.2559,0.3766,-98.44,2.377,-0.2868,0.2944,-71.7,0.372,2000,-0.1349,0.3374,-26.98,1.957,0.0842,0.1969,32.38,2.166,-0.3969,0.4459,-99.21,1.608,-0.2558,0.3062,-98.38,2.049,-0.1997,0.2067,-49.94,0.421,1000,-0.1085,1.5089,-21.7,9.523,0.1238,1.389,47.61,16.835,-0.4008,0.4859,-100.21,2.172,-0.2518,0.3424,-96.86,2.823,-0.4264,0.4296,-106.6,0.412,1000
50,40,-0.1622,0.518,-32.43,2.201,0.0794,0.2859,30.54,2.362,-0.4003,0.4383,-100.08,0.999,-0.2573,0.2945,-98.97,1.232,-0.4206,0.4226,-105.15,0.229,2000,-0.1568,0.1888,-31.35,0.471,0.0842,0.1546,32.37,1.116,-0.3989,0.4336,-99.72,0.951,-0.2588,0.291,-99.55,1.145,-0.437,0.439,-109.26,0.231,2000,0.0303,12.306,6.05,55.048,-0.5053,21.67,-194.35,186.363,-0.4072,0.6798,-101.79,3.044,-0.2399,0.5613,-92.29,4.365,0.0122,0.0982,3.05,0.545,2000,0.1077,11.5923,21.54,51.853,0.1101,2.7843,42.33,23.933,-0.3936,0.4942,-98.39,1.671,-0.2513,0.3567,-96.67,2.177,-0.2855,0.2922,-71.37,0.349,2000,-0.1245,0.6056,-24.91,3.75,0.101,0.416,38.84,4.91,-0.398,0.4432,-99.5,1.542,-0.2558,0.2963,-98.4,1.82,-0.2033,0.2086,-50.81,0.372,1000,-0.1637,0.5895,-32.75,3.583,0.0842,0.2652,32.37,3.06,-0.3998,0.4702,-99.94,1.958,-0.2562,0.3256,-98.55,2.446,-0.4251,0.428,-106.27,0.397,1000
100,40,-0.1479,0.172,-29.58,0.393,0.0859,0.2121,33.05,1.668,-0.4002,0.4248,-100.06,0.795,-0.2529,0.2764,-97.27,0.959,-0.4208,0.422,-105.21,0.177,2000,-0.1578,0.2446,-31.56,0.836,0.0763,0.2098,29.34,1.681,-0.4022,0.422,-100.54,0.715,-0.257,0.2765,-98.86,0.877,-0.4384,0.4397,-109.59,0.191,2000,-0.0046,7.9943,-0.91,35.76,0.0849,8.7525,32.67,75.289,-0.3963,0.5697,-99.07,2.288,-0.2612,0.4615,-100.45,3.273,0.0082,0.0793,2.06,0.441,2000,-0.1089,1.2319,-21.79,5.489,0.0443,2.4021,17.02,20.66,-0.3933,0.4567,-98.32,1.298,-0.2516,0.3164,-96.77,1.65,-0.2863,0.2906,-71.58,0.278,2000,-0.1124,0.7565,-22.47,4.734,0.1056,0.6022,40.63,7.215,-0.3958,0.4198,-98.96,1.107,-0.2429,0.2676,-93.43,1.367,-0.2016,0.2051,-50.4,0.301,1000,-0.1721,0.7161,-34.42,4.398,0.0732,0.4579,28.15,5.501,-0.4004,0.4352,-100.11,1.347,-0.2502,0.2874,-96.23,1.722,-0.4235,0.4253,-105.89,0.308,1000
150,40,-0.1584,0.4897,-31.68,2.073,0.0767,0.2599,29.51,2.136,-0.3918,0.4083,-97.95,0.642,-0.2505,0.267,-96.35,0.795,-0.4221,0.4231,-105.51,0.165,2000,-0.1621,0.1964,-32.43,0.496,0.0798,0.1368,30.68,0.956,-0.398,0.4122,-99.5,0.6,-0.256,0.2699,-98.48,0.733,-0.438,0.4391,-109.49,0.174,2000,3.7061,162.288,741.21,725.766,2.0648,92.7428,794.14,797.614,-0.3872,0.531,-96.8,2.032,-0.228,0.4076,-87.68,2.906,0.011,0.0751,2.75,0.415,2000,-0.1315,0.6628,-26.29,2.906,0.1237,1.097,47.57,9.377,-0.3954,0.4462,-98.85,1.156,-0.2521,0.2983,-96.96,1.371,-0.2855,0.2895,-71.36,0.27,2000,-0.1328,0.2476,-26.56,1.322,0.0854,0.2586,32.83,2.97,-0.3959,0.415,-98.96,0.985,-0.2513,0.2692,-96.67,1.173,-0.2011,0.2038,-50.28,0.262,1000,-0.1543,0.2183,-30.85,0.978,0.0725,0.2485,27.87,2.892,-0.3888,0.4165,-97.2,1.18,-0.2474,0.2781,-95.14,1.547,-0.4232,0.4246,-105.81,0.272,1000
200,40,-0.1515,0.1676,-30.3,0.32,0.0783,0.1215,30.12,0.799,-0.3963,0.4114,-99.06,0.618,-0.2475,0.2622,-95.18,0.745,-0.4227,0.4236,-105.67,0.154,2000,-0.1644,0.3781,-32.89,1.523,0.0783,0.1094,30.13,0.656,-0.3985,0.4102,-99.63,0.544,-0.2531,0.264,-97.35,0.644,-0.4398,0.4408,-109.95,0.168,2000,1.1566,49.927,231.31,223.276,-6.3955,285.8895,-2459.79,2458.724,-0.3827,0.5001,-95.66,1.8,-0.2348,0.3676,-90.3,2.434,0.0115,0.0708,2.87,0.391,2000,-0.1136,1.6856,-22.73,7.523,0.0753,1.1642,28.97,9.994,-0.3865,0.4275,-96.62,1.022,-0.2435,0.28,-93.67,1.188,-0.2862,0.2899,-71.54,0.258,2000,-0.1381,0.2637,-27.62,1.421,0.087,0.2439,33.46,2.773,-0.3972,0.415,-99.3,0.95,-0.2457,0.2604,-94.52,1.047,-0.202,0.2044,-50.5,0.246,1000,-0.1537,0.1786,-30.73,0.576,0.0764,0.1103,29.37,0.968,-0.3804,0.4046,-95.11,1.089,-0.2515,0.2723,-96.74,1.271,-0.4224,0.4238,-105.6,0.27,1000
40,50,-0.1461,0.164,-29.23,0.333,0.0917,0.1187,35.27,0.649,-0.403,0.4244,-100.76,0.744,-0.256,0.281,-98.46,0.997,-0.3171,0.3191,-79.27,0.202,2000,-0.1452,0.1652,-29.04,0.352,0.094,0.1232,36.15,0.685,-0.4014,0.4209,-100.34,0.709,-0.2565,0.2741,-98.67,0.831,-0.3294,0.3314,-82.34,0.207,2000,-0.0032,4.9048,-0.65,21.94,0.1953,3.3908,75.12,29.121,-0.4199,0.5491,-104.97,1.979,-0.2524,0.3826,-97.09,2.473,0.0254,0.0748,6.36,0.393,2000,-0.1413,0.1896,-28.25,0.566,0.0949,0.1578,36.48,1.085,-0.41,0.4646,-102.51,1.221,-0.244,0.2967,-93.83,1.452,-0.2181,0.2236,-54.52,0.277,2000,-0.14,0.1639,-28,0.539,0.0953,0.13,36.67,1.075,-0.406,0.4299,-101.5,1.118,-0.2485,0.2742,-95.59,1.41,-0.1165,0.1236,-29.13,0.326,1000,-0.1444,0.1683,-28.88,0.547,0.0927,0.1257,35.65,1.033,-0.404,0.4477,-101,1.526,-0.2467,0.2848,-94.87,1.732,-0.3216,0.3242,-80.4,0.321,1000
50,50,-0.1378,0.3702,-27.56,1.537,0.0921,0.123,35.44,0.701,-0.4053,0.4234,-101.34,0.685,-0.252,0.2708,-96.93,0.852,-0.3169,0.3186,-79.23,0.181,2000,-0.1489,0.1695,-29.79,0.362,0.0898,0.117,34.56,0.645,-0.4026,0.4186,-100.64,0.642,-0.2568,0.273,-98.78,0.796,-0.3288,0.3305,-82.21,0.185,2000,-0.1428,0.8551,-28.56,3.771,0.1048,1.2024,40.3,10.304,-0.4122,0.5197,-103.04,1.77,-0.238,0.3637,-91.55,2.365,0.0286,0.0726,7.14,0.373,2000,-0.1465,0.468,-29.29,1.988,0.0869,0.307,33.42,2.533,-0.4076,0.4611,-101.89,1.205,-0.2516,0.3036,-96.77,1.462,-0.2195,0.2239,-54.88,0.247,2000,-0.1367,0.1567,-27.34,0.484,0.0954,0.1252,36.7,0.986,-0.3984,0.4182,-99.6,1.006,-0.2583,0.2781,-99.36,1.254,-0.1186,0.1241,-29.65,0.29,1000,-0.1049,1.5083,-20.97,9.521,0.1162,1.0219,44.71,12.354,-0.405,0.4363,-101.25,1.283,-0.2528,0.2818,-97.22,1.516,-0.3182,0.3202,-79.55,0.286,1000
100,50,-0.1441,0.163,-28.82,0.341,0.0875,0.2038,33.64,1.584,-0.4003,0.4115,-100.09,0.532,-0.2501,0.2636,-96.18,0.718,-0.3177,0.3187,-79.43,0.14,2000,-0.1454,0.1874,-29.08,0.529,0.0931,0.1426,35.81,0.929,-0.4048,0.4136,-101.2,0.474,-0.2569,0.2662,-98.81,0.6,-0.3298,0.3308,-82.46,0.143,2000,-0.0322,1.9232,-6.45,8.602,0.1931,2.1172,74.28,18.137,-0.4041,0.4726,-101.03,1.37,-0.2353,0.3175,-90.49,1.834,0.0255,0.0599,6.38,0.303,2000,-0.1362,0.3707,-27.25,1.542,0.0874,0.5827,33.61,4.956,-0.3968,0.4256,-99.2,0.861,-0.2426,0.2751,-93.29,1.117,-0.22,0.2231,-55.01,0.207,2000,-0.1247,0.2798,-24.93,1.585,0.1081,0.3495,41.58,4.045,-0.4039,0.4161,-100.97,0.791,-0.248,0.2608,-95.37,0.985,-0.1185,0.1218,-29.62,0.225,1000,-0.1433,0.1585,-28.65,0.43,0.0894,0.1234,34.37,1.036,-0.3952,0.4126,-98.8,0.939,-0.2492,0.2671,-95.84,1.172,-0.3195,0.3208,-79.89,0.224,1000
150,50,-0.1451,0.1501,-29.02,0.173,0.0905,0.0999,34.8,0.365,-0.3982,0.4063,-99.55,0.451,-0.2518,0.2608,-96.86,0.585,-0.3191,0.3198,-79.77,0.122,2000,-0.1478,0.153,-29.55,0.178,0.0898,0.098,34.53,0.338,-0.4034,0.4103,-100.86,0.418,-0.2553,0.2631,-98.19,0.548,-0.3311,0.3318,-82.77,0.124,2000,-0.1172,1.8801,-23.45,8.394,0.0998,1.3596,38.38,11.664,-0.4046,0.4583,-101.15,1.204,-0.2372,0.305,-91.22,1.649,0.029,0.0568,7.26,0.273,2000,-0.1369,0.1776,-27.39,0.506,0.0976,0.2356,37.55,1.844,-0.3932,0.4176,-98.3,0.787,-0.2423,0.2648,-93.19,0.919,-0.2209,0.2234,-55.22,0.186,2000,-0.1397,0.2466,-27.94,1.286,0.0812,0.3257,31.22,3.838,-0.3941,0.4058,-98.54,0.765,-0.2452,0.2559,-94.29,0.893,-0.1167,0.1194,-29.18,0.197,1000,-0.1437,0.151,-28.75,0.294,0.0878,0.1023,33.78,0.639,-0.3931,0.4077,-98.26,0.857,-0.2455,0.2574,-94.41,0.944,-0.3193,0.3202,-79.83,0.193,1000
200,50,-0.142,0.1476,-28.39,0.181,0.0888,0.0971,34.17,0.338,-0.3915,0.3994,-97.88,0.442,-0.2483,0.2565,-95.5,0.554,-0.3193,0.32,-79.82,0.117,2000,-0.1487,0.1536,-29.73,0.173,0.0883,0.0981,33.98,0.368,-0.401,0.407,-100.26,0.388,-0.2529,0.2589,-97.25,0.477,-0.3315,0.3321,-82.86,0.119,2000,-0.2574,4.795,-51.48,21.418,0.0287,4.8688,11.03,41.883,-0.3897,0.4358,-97.43,1.091,-0.234,0.2851,-90.02,1.4,0.0273,0.054,6.83,0.261,2000,-0.1539,0.365,-30.77,1.481,0.25,7.7467,96.15,66.605,-0.3865,0.4056,-96.63,0.688,-0.2452,0.2645,-94.32,0.853,-0.2214,0.2237,-55.35,0.178,2000,-0.1397,0.1814,-27.94,0.732,0.0846,0.2478,32.53,2.834,-0.3817,0.3906,-95.42,0.657,-0.2447,0.2535,-94.13,0.803,-0.1187,0.1207,-29.68,0.172,1000,-0.1426,0.1505,-28.51,0.306,0.0861,0.0959,33.1,0.516,-0.3816,0.3934,-95.39,0.757,-0.2428,0.2542,-93.37,0.916,-0.3197,0.3206,-79.92,0.187,1000
40,100,-0.1297,0.1351,-25.95,0.168,0.1069,0.1132,41.11,0.32,-0.3924,0.3983,-98.11,0.381,-0.2524,0.2586,-97.07,0.484,-0.1407,0.143,-35.18,0.141,2000,-0.1299,0.135,-25.98,0.164,0.1096,0.1156,42.14,0.318,-0.3992,0.4036,-99.79,0.334,-0.2593,0.2636,-99.73,0.408,-0.1456,0.1479,-36.41,0.143,2000,-0.1111,0.134,-22.22,0.335,0.1243,0.1448,47.81,0.638,-0.3922,0.4238,-98.04,0.899,-0.2443,0.2776,-93.95,1.135,0.0345,0.0504,8.62,0.205,2000,-0.1253,0.1348,-25.06,0.222,0.1107,0.1213,42.57,0.426,-0.3821,0.3944,-95.52,0.547,-0.2524,0.2653,-97.08,0.702,-0.0975,0.1022,-24.38,0.171,2000,-0.1225,0.1291,-24.5,0.257,0.1121,0.1192,43.13,0.493,-0.3863,0.3925,-96.58,0.548,-0.254,0.2597,-97.69,0.66,-0.021,0.0357,-5.24,0.228,1000,-0.1288,0.1351,-25.77,0.257,0.1062,0.1137,40.83,0.496,-0.3891,0.3978,-97.28,0.653,-0.2534,0.2622,-97.47,0.82,-0.1433,0.1458,-35.82,0.211,1000
50,100,-0.1277,0.1321,-25.54,0.151,0.1078,0.113,41.48,0.29,-0.39,0.3945,-97.5,0.331,-0.2524,0.2573,-97.08,0.43,-0.1418,0.1437,-35.45,0.13,2000,-0.1311,0.1351,-26.23,0.146,0.1082,0.113,41.61,0.281,-0.399,0.4027,-99.75,0.305,-0.2577,0.2613,-99.1,0.373,-0.1459,0.1477,-36.48,0.127,2000,-0.1118,0.1283,-22.36,0.281,0.1223,0.1368,47.06,0.527,-0.3839,0.412,-95.97,0.836,-0.2441,0.2756,-93.89,1.1,0.0343,0.048,8.58,0.188,2000,-0.1259,0.1337,-25.17,0.202,0.1072,0.1159,41.24,0.379,-0.3768,0.3887,-94.19,0.534,-0.2501,0.261,-96.19,0.642,-0.0973,0.1008,-24.32,0.148,2000,-0.1207,0.1257,-24.13,0.224,0.1119,0.1173,43.03,0.431,-0.3807,0.3861,-95.18,0.509,-0.2508,0.2559,-96.47,0.619,-0.0222,0.0327,-5.54,0.19,1000,-0.126,0.1314,-25.2,0.236,0.1069,0.1132,41.11,0.452,-0.3857,0.3928,-96.43,0.588,-0.247,0.2549,-95.02,0.765,-0.1419,0.1438,-35.48,0.185,1000
100,100,-0.1257,0.128,-25.15,0.108,0.105,0.1077,40.37,0.207,-0.3781,0.3816,-94.54,0.288,-0.248,0.2515,-95.38,0.358,-0.1423,0.1433,-35.58,0.091,2000,-0.13,0.1321,-26,0.105,0.1077,0.1102,41.43,0.199,-0.3909,0.3933,-97.72,0.241,-0.2534,0.2559,-97.48,0.303,-0.1461,0.147,-36.53,0.09,2000,-0.1066,0.1157,-21.31,0.202,0.1216,0.1296,46.75,0.387,-0.3666,0.3853,-91.66,0.662,-0.2309,0.2514,-88.8,0.856,0.036,0.044,8.99,0.142,2000,-0.1223,0.1312,-24.46,0.213,0.1048,0.1243,40.32,0.574,-0.3598,0.368,-89.94,0.432,-0.2435,0.2506,-93.64,0.511,-0.0981,0.1,-24.51,0.11,2000,-0.1153,0.1183,-23.05,0.169,0.11,0.1131,42.32,0.32,-0.366,0.3703,-91.51,0.443,-0.2423,0.2464,-93.19,0.546,-0.0211,0.0277,-5.29,0.141,1000,-0.1254,0.1281,-25.08,0.165,0.1012,0.1046,38.93,0.322,-0.3683,0.3732,-92.08,0.476,-0.2403,0.2444,-92.42,0.546,-0.143,0.144,-35.74,0.134,1000
150,100,-0.1244,0.126,-24.89,0.088,0.1023,0.1042,39.36,0.167,-0.3679,0.3704,-91.97,0.24,-0.2406,0.2432,-92.54,0.303,-0.1422,0.1429,-35.55,0.078,2000,-0.1303,0.1318,-26.07,0.087,0.1063,0.1081,40.9,0.167,-0.3879,0.3899,-96.98,0.218,-0.2499,0.2519,-96.13,0.273,-0.146,0.1467,-36.5,0.077,2000,-0.0976,0.2219,-19.52,0.891,0.1124,0.25,43.23,1.921,-0.3444,0.3606,-86.09,0.598,-0.2244,0.2398,-86.32,0.726,0.0342,0.0404,8.54,0.12,2000,-0.1179,0.121,-23.58,0.122,0.103,0.1066,39.63,0.235,-0.3424,0.3492,-85.61,0.384,-0.2363,0.2422,-90.88,0.457,-0.098,0.0994,-24.5,0.092,2000,-0.115,0.1171,-22.99,0.14,0.1045,0.1068,40.19,0.268,-0.3569,0.3611,-89.23,0.431,-0.2355,0.2388,-90.57,0.486,-0.0205,0.0253,-5.13,0.117,1000,-0.1199,0.1219,-23.97,0.142,0.1001,0.1024,38.5,0.262,-0.3491,0.3535,-87.28,0.439,-0.2349,0.2383,-90.34,0.491,-0.1432,0.1439,-35.79,0.114,1000
200,100,-0.122,0.1234,-24.4,0.082,0.1002,0.1019,38.54,0.158,-0.3581,0.3609,-89.52,0.254,-0.2377,0.2401,-91.43,0.293,-0.1424,0.143,-35.61,0.069,2000,-0.13,0.1312,-26,0.078,0.1052,0.1066,40.47,0.148,-0.3838,0.3855,-95.95,0.203,-0.2453,0.2469,-94.35,0.237,-0.1459,0.1464,-36.48,0.067,2000,-0.1,0.109,-20,0.194,0.1134,0.1186,43.63,0.297,-0.3237,0.3397,-80.93,0.576,-0.2147,0.2303,-82.58,0.717,0.0348,0.0397,8.7,0.107,2000,-0.117,0.1195,-23.39,0.109,0.0989,0.1019,38.03,0.212,-0.3295,0.3362,-82.39,0.371,-0.2271,0.2324,-87.34,0.424,-0.0992,0.1003,-24.8,0.083,2000,-0.1127,0.1146,-22.55,0.132,0.1,0.102,38.44,0.245,-0.3406,0.3443,-85.15,0.401,-0.2268,0.2298,-87.24,0.447,-0.0217,0.0254,-5.43,0.105,1000,-0.1179,0.1195,-23.58,0.123,0.0956,0.0975,36.76,0.234,-0.3357,0.3396,-83.93,0.404,-0.2238,0.2267,-86.06,0.44,-0.1433,0.1438,-35.82,0.094,1000
40,150,-0.1225,0.1252,-24.5,0.115,0.109,0.1118,41.92,0.216,-0.3782,0.3816,-94.54,0.284,-0.2486,0.2518,-95.6,0.345,-0.0864,0.0897,-21.61,0.133,2000,-0.1252,0.1277,-25.03,0.112,0.113,0.1158,43.48,0.217,-0.3902,0.3925,-97.55,0.236,-0.2544,0.2567,-97.86,0.292,-0.0906,0.0938,-22.66,0.136,2000,-0.1067,0.1159,-21.35,0.203,0.1211,0.1291,46.56,0.386,-0.3681,0.3864,-92.02,0.658,-0.2423,0.2602,-93.2,0.815,0.0279,0.0404,6.98,0.163,2000,-0.1178,0.1226,-23.56,0.152,0.1092,0.1142,42.02,0.287,-0.3516,0.3602,-87.9,0.439,-0.2448,0.2519,-94.14,0.512,-0.0668,0.072,-16.71,0.15,2000,-0.1154,0.1188,-23.09,0.176,0.1127,0.1159,43.33,0.328,-0.3742,0.3778,-93.54,0.411,-0.2449,0.2485,-94.19,0.513,-0.0027,0.0262,-0.68,0.206,1000,-0.1201,0.1234,-24.03,0.179,0.1076,0.1113,41.39,0.345,-0.3698,0.3743,-92.44,0.46,-0.2466,0.2517,-94.83,0.617,-0.0889,0.0921,-22.21,0.191,1000
50,150,-0.1206,0.1227,-24.11,0.103,0.109,0.1114,41.93,0.196,-0.3732,0.3759,-93.3,0.254,-0.247,0.2498,-95,0.321,-0.0879,0.0904,-21.96,0.119,2000,-0.1258,0.1278,-25.16,0.102,0.1119,0.1141,43.02,0.195,-0.3887,0.3908,-97.19,0.225,-0.254,0.256,-97.69,0.272,-0.0895,0.0919,-22.36,0.118,2000,-0.1071,0.1138,-21.41,0.173,0.1181,0.1242,45.42,0.33,-0.3618,0.3773,-90.44,0.599,-0.2342,0.2512,-90.1,0.78,0.0267,0.0378,6.68,0.149,2000,-0.117,0.121,-23.4,0.137,0.1076,0.1119,41.39,0.264,-0.3451,0.3526,-86.29,0.405,-0.2442,0.2502,-93.91,0.47,-0.0683,0.0724,-17.08,0.133,2000,-0.1148,0.1175,-22.95,0.159,0.11,0.1129,42.32,0.31,-0.3641,0.3674,-91.03,0.385,-0.2442,0.2471,-93.93,0.461,-0.0048,0.0232,-1.21,0.179,1000,-0.1181,0.1208,-23.62,0.161,0.1076,0.1107,41.4,0.315,-0.3655,0.3694,-91.37,0.424,-0.2413,0.2451,-92.82,0.523,-0.0882,0.0907,-22.05,0.168,1000
100,150,-0.1172,0.1185,-23.45,0.076,0.1046,0.106,40.24,0.145,-0.3564,0.3584,-89.09,0.212,-0.2379,0.2396,-91.5,0.244,-0.0883,0.0897,-22.08,0.086,2000,-0.1235,0.1247,-24.71,0.074,0.1115,0.1127,42.9,0.142,-0.3799,0.3813,-94.98,0.18,-0.2456,0.2471,-94.48,0.231,-0.0892,0.0905,-22.3,0.085,2000,-0.1001,0.1043,-20.01,0.132,0.1116,0.1152,42.94,0.246,-0.3212,0.3331,-80.29,0.494,-0.2158,0.2265,-82.99,0.593,0.0267,0.0329,6.68,0.108,2000,-0.1104,0.1127,-22.08,0.101,0.1018,0.1043,39.15,0.194,-0.3135,0.3195,-78.37,0.344,-0.2302,0.2342,-88.54,0.371,-0.0687,0.0706,-17.17,0.092,2000,-0.1075,0.1091,-21.49,0.12,0.1066,0.1082,41,0.227,-0.3439,0.3466,-85.96,0.344,-0.2317,0.2341,-89.11,0.41,-0.0052,0.0172,-1.29,0.13,1000,-0.1116,0.1132,-22.33,0.117,0.1011,0.1028,38.9,0.226,-0.3361,0.3394,-84.03,0.376,-0.228,0.2307,-87.71,0.424,-0.0889,0.0903,-22.24,0.125,1000
150,150,-0.1126,0.1136,-22.53,0.065,0.101,0.102,38.85,0.123,-0.3387,0.3407,-84.69,0.203,-0.2298,0.2313,-88.37,0.225,-0.0888,0.0897,-22.21,0.068,2000,-0.1226,0.1233,-24.52,0.061,0.1102,0.111,42.39,0.117,-0.3735,0.3748,-93.37,0.173,-0.2401,0.2412,-92.34,0.196,-0.0909,0.0917,-22.72,0.069,2000,-0.0935,0.0968,-18.71,0.111,0.1054,0.1082,40.54,0.21,-0.2885,0.3002,-72.12,0.464,-0.2013,0.2111,-77.41,0.549,0.0261,0.0307,6.52,0.09,2000,-0.1053,0.1072,-21.06,0.089,0.0966,0.0986,37.14,0.171,-0.2924,0.2981,-73.09,0.326,-0.2163,0.2199,-83.18,0.343,-0.0683,0.0698,-17.07,0.08,2000,-0.1041,0.1053,-20.82,0.1,0.0988,0.1,38,0.189,-0.3198,0.3227,-79.95,0.343,-0.2191,0.2211,-84.26,0.366,-0.0052,0.0144,-1.29,0.106,1000,-0.1064,0.1075,-21.27,0.1,0.0961,0.0974,36.97,0.191,-0.3137,0.3174,-78.43,0.381,-0.218,0.2204,-83.83,0.4,-0.0891,0.09,-22.27,0.1,1000
200,150,-0.1092,0.11,-21.84,0.058,0.0981,0.099,37.75,0.113,-0.3248,0.3268,-81.19,0.205,-0.2221,0.2235,-85.41,0.22,-0.0892,0.0898,-22.3,0.06,2000,-0.1217,0.1224,-24.35,0.056,0.1089,0.1097,41.9,0.109,-0.3678,0.369,-91.96,0.161,-0.2321,0.2332,-89.28,0.191,-0.0906,0.0913,-22.66,0.061,2000,-0.0885,0.0914,-17.71,0.101,0.1,0.1024,38.48,0.188,-0.2539,0.2656,-63.48,0.436,-0.184,0.1931,-70.78,0.503,0.0255,0.029,6.38,0.078,2000,-0.1003,0.1022,-20.06,0.089,0.0915,0.0934,35.18,0.162,-0.2675,0.2742,-66.89,0.337,-0.2048,0.2091,-78.78,0.36,-0.0682,0.0694,-17.06,0.071,2000,-0.0988,0.0999,-19.77,0.093,0.0942,0.0953,36.24,0.17,-0.3005,0.3031,-75.12,0.313,-0.2077,0.2099,-79.87,0.373,-0.0063,0.0133,-1.59,0.092,1000,-0.1023,0.1033,-20.46,0.092,0.0911,0.0922,35.03,0.171,-0.2928,0.2964,-73.19,0.367,-0.2068,0.209,-79.55,0.369,-0.0898,0.0905,-22.46,0.086,1000
40,200,-0.1181,0.1197,-23.61,0.088,0.1108,0.1124,42.6,0.166,-0.3728,0.3749,-93.21,0.221,-0.2473,0.2495,-95.12,0.284,-0.0605,0.0648,-15.14,0.13,2000,-0.1221,0.1237,-24.42,0.09,0.1155,0.1172,44.41,0.172,-0.3884,0.39,-97.09,0.196,-0.2528,0.2544,-97.23,0.244,-0.0612,0.0654,-15.31,0.128,2000,-0.106,0.1106,-21.19,0.142,0.1156,0.1199,44.47,0.272,-0.3522,0.3643,-88.06,0.52,-0.2327,0.2457,-89.49,0.678,0.0207,0.0334,5.17,0.147,2000,-0.1142,0.1173,-22.83,0.12,0.11,0.1131,42.3,0.228,-0.34,0.3463,-85,0.368,-0.2405,0.2457,-92.48,0.432,-0.0487,0.0548,-12.18,0.14,2000,-0.1138,0.1157,-22.76,0.131,0.1112,0.1131,42.78,0.252,-0.3648,0.367,-91.2,0.318,-0.2413,0.2439,-92.81,0.429,0.0013,0.0234,0.33,0.185,1000,-0.1153,0.1172,-23.06,0.134,0.1093,0.1113,42.03,0.256,-0.3641,0.3676,-91.01,0.4,-0.2414,0.2445,-92.86,0.467,-0.0624,0.0666,-15.6,0.185,1000
50,200,-0.1167,0.1182,-23.35,0.082,0.11,0.1115,42.32,0.156,-0.3692,0.3712,-92.31,0.212,-0.2453,0.2472,-94.35,0.26,-0.0608,0.0641,-15.19,0.114,2000,-0.1215,0.1228,-24.29,0.081,0.1153,0.1167,44.36,0.155,-0.3854,0.3868,-96.34,0.182,-0.2508,0.2522,-96.46,0.226,-0.0622,0.0654,-15.54,0.113,2000,-0.1036,0.1078,-20.72,0.132,0.1145,0.1181,44.03,0.251,-0.3432,0.3539,-85.79,0.483,-0.2303,0.2413,-88.57,0.62,0.0199,0.0308,4.97,0.131,2000,-0.1139,0.1163,-22.77,0.105,0.1067,0.1092,41.04,0.198,-0.3307,0.3359,-82.68,0.329,-0.236,0.2402,-90.77,0.387,-0.0488,0.0539,-12.21,0.128,2000,-0.1108,0.1124,-22.16,0.121,0.1104,0.112,42.47,0.228,-0.3566,0.359,-89.15,0.332,-0.238,0.24,-91.53,0.375,0.0013,0.0231,0.33,0.182,1000,-0.1146,0.1161,-22.91,0.119,0.1068,0.1085,41.08,0.228,-0.3576,0.3607,-89.41,0.373,-0.2395,0.242,-92.12,0.42,-0.0618,0.0652,-15.45,0.164,1000
100,200,-0.1113,0.1121,-22.26,0.06,0.1045,0.1053,40.21,0.112,-0.3458,0.3473,-86.46,0.176,-0.2326,0.2339,-89.46,0.208,-0.0613,0.0631,-15.34,0.083,2000,-0.1207,0.1214,-24.13,0.058,0.113,0.1137,43.46,0.111,-0.3766,0.3775,-94.14,0.149,-0.2424,0.2433,-93.23,0.18,-0.0629,0.0645,-15.72,0.081,2000,-0.0962,0.0985,-19.23,0.096,0.1047,0.1068,40.27,0.181,-0.3012,0.3094,-75.3,0.397,-0.2049,0.2124,-78.8,0.481,0.0189,0.0256,4.72,0.096,2000,-0.1059,0.1075,-21.18,0.081,0.1002,0.1018,38.54,0.155,-0.2997,0.304,-74.91,0.287,-0.2212,0.2244,-85.08,0.325,-0.0507,0.0532,-12.68,0.09,2000,-0.1031,0.1042,-20.61,0.096,0.1019,0.1029,39.19,0.179,-0.3272,0.3295,-81.81,0.307,-0.2211,0.2228,-85.03,0.331,3e-04,0.0156,0.06,0.124,1000,-0.1061,0.1071,-21.22,0.092,0.0999,0.101,38.44,0.178,-0.3253,0.3278,-81.32,0.319,-0.2214,0.2233,-85.17,0.349,-0.0621,0.064,-15.52,0.123,1000
150,200,-0.1066,0.1073,-21.33,0.054,0.0997,0.1004,38.34,0.102,-0.3267,0.3282,-81.68,0.177,-0.2218,0.2229,-85.3,0.193,-0.0617,0.0629,-15.44,0.066,2000,-0.1188,0.1193,-23.76,0.048,0.1118,0.1123,42.99,0.094,-0.3672,0.3681,-91.8,0.145,-0.2325,0.2333,-89.41,0.172,-0.0627,0.0638,-15.68,0.065,2000,-0.089,0.0909,-17.8,0.083,0.0974,0.0991,37.45,0.159,-0.2602,0.2697,-65.06,0.395,-0.1858,0.1926,-71.46,0.438,0.0181,0.0229,4.51,0.079,2000,-0.0999,0.1046,-19.98,0.139,0.0924,0.0939,35.55,0.142,-0.2695,0.274,-67.37,0.279,-0.2024,0.2056,-77.85,0.313,-0.05,0.052,-12.5,0.079,2000,-0.0979,0.0987,-19.58,0.08,0.0949,0.0956,36.49,0.149,-0.3028,0.3051,-75.71,0.295,-0.2078,0.2093,-79.93,0.308,9e-04,0.013,0.23,0.103,1000,-0.0999,0.1008,-19.98,0.085,0.0921,0.0929,35.41,0.154,-0.2979,0.3005,-74.47,0.316,-0.2051,0.2071,-78.9,0.344,-0.0627,0.0639,-15.68,0.097,1000
200,200,-0.1025,0.103,-20.5,0.047,0.0958,0.0963,36.85,0.088,-0.3107,0.3123,-77.68,0.172,-0.2125,0.2136,-81.75,0.183,-0.0624,0.0633,-15.6,0.06,2000,-0.1176,0.118,-23.52,0.043,0.1103,0.1108,42.44,0.084,-0.3606,0.3614,-90.15,0.136,-0.2249,0.2258,-86.52,0.173,-0.0621,0.0629,-15.52,0.058,2000,-0.0819,0.0838,-16.39,0.078,0.0915,0.0931,35.2,0.146,-0.2278,0.2385,-56.96,0.394,-0.1659,0.1732,-63.82,0.428,0.0174,0.0211,4.34,0.067,2000,-0.0927,0.0939,-18.54,0.067,0.0865,0.0878,33.26,0.131,-0.2437,0.2492,-60.92,0.293,-0.1877,0.1912,-72.2,0.314,-0.0506,0.052,-12.65,0.067,2000,-0.0913,0.092,-18.26,0.071,0.0905,0.0912,34.81,0.14,-0.2828,0.2848,-70.7,0.268,-0.196,0.1976,-75.4,0.303,-6e-04,0.0114,-0.15,0.09,1000,-0.0928,0.0936,-18.56,0.078,0.087,0.0879,33.47,0.149,-0.2732,0.2763,-68.3,0.326,-0.1915,0.1934,-73.64,0.332,-0.0635,0.0644,-15.88,0.083,1000
